Date,Twitter,Pinterest,Facebook,YouTube,Instagram,Tumblr,Reddit,LinkedIn,VKontakte,news.ycombinator.com,Sina Weibo,mixi,Vimeo,Fark,StumbleUpon,Other
2021-02,49.28,19.4,18.45,7.69,3.38,0.75,0.59,0.26,0.05,0.09,0.01,0.02,0,0.02,0.01,0
2021-03,47.69,20.02,19.62,6.98,3.24,0.82,1,0.41,0.1,0.05,0.02,0.02,0,0.01,0.01,0
2021-04,46.84,18.86,18.99,8.15,4.37,1.14,0.81,0.57,0.07,0.12,0.03,0.02,0,0.01,0.02,0
2021-05,46.32,18.59,18.64,9.38,3.97,1.28,0.96,0.41,0.05,0.13,0.22,0.02,0,0.01,0.01,0
2021-06,51.88,16.6,16.83,7.79,4.02,1.55,0.77,0.4,0.05,0.02,0.04,0.02,0,0.02,0.01,0
2021-07,47.72,17.06,17.48,9.16,3.97,2.49,1.19,0.66,0.06,0.09,0.07,0.02,0.02,0.01,0.01,0
2021-08,51.82,16.23,12.85,10.44,3.51,3.75,0.64,0.53,0.06,0.03,0.01,0.07,0,0.02,0.01,0
2021-09,44.86,19.75,14.46,9.89,7.42,2.32,0.72,0.37,0.06,0.04,0.01,0.04,0.03,0.02,0.01,0
2021-10,44.66,21.81,15,8.96,6.72,1.38,0.87,0.36,0.07,0.07,0.01,0.04,0.03,0.01,0.01,0
2021-11,44.2,22.43,14.83,7.02,8.26,1.03,1.25,0.52,0.24,0.13,0,0.04,0.01,0.01,0.01,0
2021-12,44.84,20.78,17.7,6.13,7.75,1.15,0.94,0.5,0.05,0.05,0,0.04,0.03,0.01,0.01,0
2022-01,48.47,19.93,14.82,5.8,8.61,0.94,0.81,0.39,0.04,0.06,0.01,0.05,0.04,0.01,0.01,0
2022-02,46.97,21.16,14.37,5.54,10.06,0.63,0.74,0.37,0.04,0.06,0,0.02,0.04,0.02,0,0
